TARÄ°H,SAAT,CEH.1 ALT1 SET ISI_FARK
2024-11-01,22:33:48,273
2024-11-01,22:34:48,248
2024-11-01,22:35:48,205
2024-11-01,22:36:48,165
2024-11-01,22:37:48,134
2024-11-01,22:39:48,87
2024-11-01,22:40:48,69
2024-11-01,22:41:48,52
2024-11-02,12:32:48,62
2024-11-02,12:26:48,59
2024-11-02,12:27:48,62
2024-11-02,12:28:48,60
2024-11-02,12:29:48,63
2024-11-02,12:30:48,64
2024-11-02,12:31:48,61
2024-11-02,12:33:48,58
2024-11-02,12:34:48,55
2024-11-02,12:35:48,55
2024-11-02,12:36:48,54
2024-11-02,12:38:48,52
2024-11-02,12:39:48,52
2024-11-02,12:40:48,51
2024-11-02,12:25:48,59
2024-11-02,12:24:47,56
2024-11-02,12:23:47,55
2024-11-02,12:22:48,54
2024-11-02,12:20:47,51
2024-11-04,22:21:59,68
2024-11-04,22:20:00,127
2024-11-04,22:21:00,95
2024-11-04,22:15:00,265
2024-11-04,22:16:00,266
2024-11-04,22:17:00,257
2024-11-04,22:19:00,168
2024-11-04,11:00:04,64
2024-11-04,10:59:04,104
2024-11-04,10:57:04,121
2024-11-05,22:17:01,72
2024-11-05,22:16:01,98
2024-11-05,22:14:01,172
2024-11-05,22:15:01,130
2024-11-05,22:10:01,272
2024-11-05,22:11:01,273
2024-11-05,22:12:01,263
2024-11-05,22:13:01,222
2024-11-06,22:56:29,291
2024-11-06,22:58:28,289
2024-11-06,22:59:28,263
2024-11-06,23:00:28,213
2024-11-06,23:01:28,166
2024-11-06,23:02:28,129
2024-11-06,23:04:28,75
2024-11-06,23:05:28,54
2024-11-07,22:17:00,65
2024-11-07,22:14:59,122
2024-11-07,22:13:00,212
2024-11-07,22:14:00,163
2024-11-07,17:32:28,51
2024-11-07,22:10:00,261
2024-11-07,22:11:00,262
2024-11-07,22:12:00,252
2024-11-08,00:48:00,52
2024-11-08,00:06:00,53
2024-11-08,00:11:00,51
2024-11-08,00:12:00,53
2024-11-08,00:14:00,57
2024-11-08,00:15:00,57
2024-11-08,00:16:00,60
2024-11-08,00:18:00,61
2024-11-08,00:19:00,67
2024-11-08,00:20:00,57
2024-11-08,00:21:00,58
2024-11-08,06:30:05,137
2024-11-08,06:31:05,143
2024-11-08,06:32:05,134
2024-11-08,06:34:05,64
2024-11-08,06:33:05,99
2024-11-10,23:36:46,69
2024-11-10,23:35:46,102
2024-11-10,23:34:46,107
2024-11-10,23:33:47,99
2024-11-10,23:30:18,57
2024-11-10,23:10:57,55
2024-11-10,22:50:57,243
2024-11-10,22:49:57,255
2024-11-10,22:48:57,267
2024-11-10,22:47:57,280
2024-11-10,22:46:57,294
2024-11-10,22:45:57,309
2024-11-10,22:51:57,231
2024-11-10,22:44:57,325
2024-11-10,22:42:57,366
2024-11-10,22:41:57,393
2024-11-10,22:40:57,425
2024-11-10,22:38:57,486
2024-11-10,22:37:57,502
2024-11-10,22:43:57,344
2024-11-10,22:52:57,219
2024-11-10,22:39:57,460
2024-11-10,22:54:57,198
2024-11-10,22:53:57,209
2024-11-10,23:08:57,70
2024-11-10,23:06:57,87
2024-11-10,23:05:57,95
2024-11-10,23:04:57,104
2024-11-10,23:03:57,113
2024-11-10,23:07:57,78
2024-11-10,23:00:57,140
2024-11-10,22:55:57,187
2024-11-10,23:01:57,130
2024-11-10,22:56:57,177
2024-11-10,23:09:58,62
2024-11-10,22:57:58,167
2024-11-10,22:58:57,158
2024-11-10,22:59:57,149
2024-11-11,12:21:44,56
2024-11-11,12:24:44,63
2024-11-11,12:26:44,59
2024-11-11,12:27:44,52
2024-11-11,12:35:44,53
2024-11-11,12:36:44,54
2024-11-11,12:20:44,60
2024-11-11,12:25:44,59
2024-11-11,12:45:44,62
2024-11-11,12:40:44,59
2024-11-11,12:41:44,60
2024-11-11,12:42:44,66
2024-11-11,12:43:44,62
2024-11-11,12:44:44,66
2024-11-11,12:46:45,57
2024-11-11,12:47:45,65
2024-11-11,12:48:44,63
2024-11-11,12:49:45,72
2024-11-11,12:50:44,67
2024-11-11,12:52:44,70
2024-11-11,12:19:44,61
2024-11-11,12:18:44,62
2024-11-11,12:14:44,51
2024-11-11,12:53:44,69
2024-11-11,12:05:44,55
2024-11-11,12:08:44,52
2024-11-11,12:10:44,57
2024-11-11,12:11:44,57
2024-11-11,12:12:44,59
2024-11-11,12:13:44,56
2024-11-11,12:17:44,66
2024-11-11,12:54:44,72
2024-11-11,13:12:44,79
2024-11-11,12:56:44,78
2024-11-11,13:35:44,58
2024-11-11,13:36:44,55
2024-11-11,13:37:44,62
2024-11-11,13:38:44,64
2024-11-11,13:39:44,64
2024-11-11,13:40:44,71
2024-11-11,13:41:44,63
2024-11-11,13:42:44,72
2024-11-11,13:43:44,64
2024-11-11,13:44:44,75
2024-11-11,13:45:44,71
2024-11-11,13:46:44,77
2024-11-11,13:47:44,92
2024-11-11,13:48:44,98
2024-11-11,13:49:44,107
2024-11-11,13:52:44,125
2024-11-11,13:53:44,128
2024-11-11,13:54:44,135
2024-11-11,13:55:44,131
2024-11-11,13:57:44,138
2024-11-11,13:59:44,142
2024-11-11,14:00:44,142
2024-11-11,14:01:44,147
2024-11-11,13:31:44,53
2024-11-11,13:30:44,72
2024-11-11,13:29:44,77
2024-11-11,13:28:44,89
2024-11-11,12:57:44,78
2024-11-11,12:58:44,86
2024-11-11,12:59:44,84
2024-11-11,13:00:44,80
2024-11-11,13:01:44,81
2024-11-11,13:02:44,80
2024-11-11,13:03:44,83
2024-11-11,13:04:44,80
2024-11-11,13:06:44,80
2024-11-11,13:08:44,80
2024-11-11,13:09:44,77
2024-11-11,13:10:44,80
2024-11-11,12:55:44,74
2024-11-11,13:11:44,79
2024-11-11,13:13:44,76
2024-11-11,13:14:44,76
2024-11-11,13:16:44,74
2024-11-11,13:17:44,79
2024-11-11,13:18:44,77
2024-11-11,13:19:44,79
2024-11-11,13:20:44,77
2024-11-11,13:21:44,85
2024-11-11,13:23:44,86
2024-11-11,13:24:44,90
2024-11-11,13:26:44,96
2024-11-11,13:27:44,85
2024-11-11,11:16:44,51
2024-11-11,14:02:44,144
2024-11-11,10:33:44,57
2024-11-11,10:34:44,51
2024-11-11,10:38:44,55
2024-11-11,10:41:44,56
2024-11-11,14:03:44,149
2024-11-11,14:06:44,147
2024-11-11,17:01:44,112
2024-11-11,17:02:44,115
2024-11-11,17:03:44,116
2024-11-11,17:04:44,112
2024-11-11,17:05:44,111
2024-11-11,17:07:44,108
2024-11-11,17:08:44,109
2024-11-11,17:09:44,107
2024-11-11,17:10:44,109
2024-11-11,17:11:44,109
2024-11-11,17:12:44,111
2024-11-11,17:13:44,113
2024-11-11,17:14:44,112
2024-11-11,17:15:44,114
2024-11-11,17:16:44,111
2024-11-11,17:17:44,109
2024-11-11,17:19:44,86
2024-11-11,17:21:44,68
2024-11-11,17:22:44,60
2024-11-11,17:23:44,56
2024-11-11,17:24:44,54
2024-11-11,17:25:44,53
2024-11-11,17:00:44,109
2024-11-11,16:59:44,106
2024-11-11,16:58:44,112
2024-11-11,16:56:44,120
2024-11-11,16:26:44,60
2024-11-11,16:39:44,67
2024-11-11,16:41:44,62
2024-11-11,16:42:44,71
2024-11-11,16:44:44,84
2024-11-11,16:45:44,89
2024-11-11,16:46:44,95
2024-11-11,16:47:44,105
2024-11-11,16:48:44,111
2024-11-11,16:49:45,114
2024-11-11,16:50:44,122
2024-11-11,16:51:44,123
2024-11-11,16:52:44,127
2024-11-11,16:53:44,124
2024-11-11,16:54:44,124
2024-11-11,16:55:44,119
2024-11-11,16:43:44,66
2024-11-11,16:24:44,59
2024-11-11,22:35:48,302
2024-11-11,22:38:47,289
2024-11-11,22:39:47,273
2024-11-11,22:40:47,258
2024-11-11,22:41:47,243
2024-11-11,22:42:47,229
2024-11-11,22:44:47,203
2024-11-11,22:45:47,191
2024-11-11,22:47:47,168
2024-11-11,22:48:47,157
2024-11-11,22:49:47,147
2024-11-11,22:50:47,136
2024-11-11,22:51:47,126
2024-11-11,22:52:47,116
2024-11-11,22:36:47,306
2024-11-11,22:53:47,106
2024-11-11,22:55:47,88
2024-11-11,22:56:47,79
2024-11-11,22:57:47,72
2024-11-11,23:17:28,150
2024-11-11,23:18:27,154
2024-11-11,23:19:27,156
2024-11-11,23:20:27,155
2024-11-11,23:21:27,127
2024-11-11,23:22:27,86
2024-11-11,22:54:47,97
2024-11-11,14:05:44,148
2024-11-11,16:23:44,60
2024-11-11,16:21:44,61
2024-11-11,14:45:44,79
2024-11-11,14:46:44,77
2024-11-11,14:47:44,79
2024-11-11,14:48:44,75
2024-11-11,14:49:44,79
2024-11-11,14:50:44,81
2024-11-11,14:51:44,81
2024-11-11,14:52:44,77
2024-11-11,14:53:44,72
2024-11-11,14:54:44,80
2024-11-11,14:55:44,82
2024-11-11,14:56:44,84
2024-11-11,14:57:44,82
2024-11-11,14:58:44,79
2024-11-11,15:00:44,76
2024-11-11,15:01:44,84
2024-11-11,15:02:44,83
2024-11-11,15:04:44,75
2024-11-11,15:05:44,70
2024-11-11,15:07:44,63
2024-11-11,15:08:44,67
2024-11-11,15:09:44,69
2024-11-11,15:10:44,82
2024-11-11,15:11:44,86
2024-11-11,15:13:44,104
2024-11-11,14:44:44,77
2024-11-11,14:43:44,78
2024-11-11,14:40:44,74
2024-11-11,14:39:45,72
2024-11-11,14:07:44,143
2024-11-11,14:08:44,146
2024-11-11,14:09:44,140
2024-11-11,14:10:44,137
2024-11-11,14:11:44,132
2024-11-11,14:12:44,127
2024-11-11,14:13:44,121
2024-11-11,14:15:44,108
2024-11-11,14:16:44,99
2024-11-11,14:17:44,97
2024-11-11,14:18:44,91
2024-11-11,14:19:44,93
2024-11-11,15:14:44,101
2024-11-11,14:21:44,91
2024-11-11,14:25:44,85
2024-11-11,14:27:44,79
2024-11-11,14:28:44,75
2024-11-11,14:29:44,78
2024-11-11,14:30:44,70
2024-11-11,14:31:44,77
2024-11-11,14:32:44,75
2024-11-11,14:33:44,77
2024-11-11,14:34:44,79
2024-11-11,14:35:44,75
2024-11-11,14:36:44,74
2024-11-11,14:38:44,74
2024-11-11,14:24:44,92
2024-11-11,16:22:44,62
2024-11-11,15:15:44,110
2024-11-11,15:17:44,115
2024-11-11,15:53:44,52
2024-11-11,15:55:44,51
2024-11-11,15:56:44,52
2024-11-11,15:59:44,53
2024-11-11,16:10:44,51
2024-11-11,16:11:44,52
2024-11-11,16:16:44,52
2024-11-11,16:17:44,59
2024-11-11,16:18:44,63
2024-11-11,16:19:44,63
2024-11-11,16:20:44,62
2024-11-11,15:52:44,51
2024-11-11,15:51:44,53
2024-11-11,15:49:44,56
2024-11-11,15:18:44,117
2024-11-11,15:19:44,118
2024-11-11,15:20:44,123
2024-11-11,15:21:44,123
2024-11-11,15:22:44,130
2024-11-11,15:23:44,128
2024-11-11,15:25:45,135
2024-11-11,15:26:44,135
2024-11-11,15:27:44,136
2024-11-11,15:29:44,111
2024-11-11,15:30:44,99
2024-11-11,15:31:44,93
2024-11-11,15:16:44,107
2024-11-11,15:32:44,87
2024-11-11,15:35:44,69
2024-11-11,15:36:44,70
2024-11-11,15:38:44,68
2024-11-11,15:39:44,67
2024-11-11,15:40:44,63
2024-11-11,15:41:44,63
2024-11-11,15:43:44,56
2024-11-11,15:44:44,57
2024-11-11,15:45:44,51
2024-11-11,15:46:44,53
2024-11-11,15:47:44,53
2024-11-11,15:48:44,52
2024-11-11,15:34:44,74
2024-11-11,03:11:45,166
2024-11-11,03:14:44,169
2024-11-11,03:15:44,170
2024-11-11,03:16:44,170
2024-11-11,03:17:44,171
2024-11-11,03:18:44,171
2024-11-11,03:19:44,158
2024-11-11,03:20:44,115
2024-11-11,03:21:44,70
2024-11-11,03:10:44,164
2024-11-11,03:09:45,163
2024-11-11,03:07:44,159
2024-11-11,02:39:44,138
2024-11-11,02:40:44,139
2024-11-11,02:41:44,140
2024-11-11,02:42:44,141
2024-11-11,02:43:44,142
2024-11-11,02:45:44,144
2024-11-11,02:46:44,144
2024-11-11,02:47:44,145
2024-11-11,02:48:44,146
2024-11-11,02:49:44,147
2024-11-11,02:50:44,147
2024-11-11,02:53:44,148
2024-11-11,02:54:44,149
2024-11-11,02:55:44,150
2024-11-11,02:56:44,151
2024-11-11,02:57:44,152
2024-11-11,02:58:44,153
2024-11-11,02:59:44,154
2024-11-11,03:00:45,155
2024-11-11,03:01:44,155
2024-11-11,03:02:45,157
2024-11-11,03:03:45,158
2024-11-11,03:04:44,157
2024-11-11,03:05:45,157
2024-11-11,03:06:44,157
2024-11-11,03:08:45,161
2024-11-11,02:38:44,137
2024-11-11,02:35:44,136
2024-11-11,02:34:44,135
2024-11-11,02:33:44,135
2024-11-11,02:19:45,130
2024-11-11,02:20:44,129
2024-11-11,02:21:44,131
2024-11-11,02:22:44,135
2024-11-11,02:23:44,135
2024-11-11,02:24:44,139
2024-11-11,02:25:44,143
2024-11-11,02:27:44,148
2024-11-11,02:28:44,148
2024-11-11,02:29:44,141
2024-11-11,02:30:44,137
2024-11-11,02:31:44,136
2024-11-11,02:32:44,135
2024-11-11,02:37:44,137
2024-11-12,22:41:03,240
2024-11-12,22:42:03,193
2024-11-12,22:43:03,153
2024-11-12,22:44:03,123
2024-11-12,22:46:03,77
2024-11-12,22:47:03,59
2024-11-13,22:38:57,294
2024-11-13,22:39:57,265
2024-11-13,22:40:57,218
2024-11-13,22:41:57,176
2024-11-13,22:43:58,115
2024-11-13,22:44:58,92
2024-11-13,22:45:58,74
2024-11-13,22:46:58,56
2024-11-14,22:18:00,238
2024-11-14,22:19:00,192
2024-11-14,22:20:00,152
2024-11-14,22:21:00,121
2024-11-14,22:22:00,95
2024-11-14,22:23:00,74
2024-11-14,22:24:00,55
2024-11-14,22:17:00,272
2024-11-14,22:39:06,58
2024-11-14,22:40:06,65
2024-11-14,22:41:06,72
2024-11-14,22:43:06,84
2024-11-14,22:44:06,89
2024-11-14,22:45:06,94
2024-11-14,22:47:06,103
2024-11-14,22:16:00,277
2024-11-14,22:15:00,273
2024-11-14,22:48:06,108
2024-11-14,22:50:06,115
2024-11-14,22:52:06,122
2024-11-14,22:53:06,125
2024-11-14,22:54:06,127
2024-11-14,22:55:06,130
2024-11-14,22:56:06,133
2024-11-14,22:57:06,136
2024-11-14,22:58:06,139
2024-11-14,22:59:06,141
2024-11-14,23:01:06,147
2024-11-14,23:02:06,150
2024-11-14,23:03:06,152
2024-11-14,23:04:06,154
2024-11-14,23:05:06,157
2024-11-14,23:09:06,166
2024-11-14,23:10:06,167
2024-11-14,23:11:06,169
2024-11-14,23:12:06,153
2024-11-14,23:13:06,107
2024-11-14,23:14:06,71
2024-11-14,22:51:06,119
2024-11-15,22:33:03,291
2024-11-15,22:35:03,250
2024-11-15,22:36:03,203
2024-11-15,22:37:03,163
2024-11-15,22:39:03,105
2024-11-15,22:40:03,84
2024-11-15,22:41:03,65
2024-11-15,22:38:03,131
2024-11-15,00:51:48,58
2024-11-15,00:52:48,79
2024-11-15,00:53:48,76
2024-11-15,00:54:48,64
2024-11-15,00:55:49,58
2024-11-18,14:57:58,68
2024-11-18,14:58:59,63
2024-11-18,15:00:58,72
2024-11-18,15:01:58,67
2024-11-18,15:02:58,82
2024-11-18,15:03:58,72
2024-11-18,15:04:58,71
2024-11-18,15:05:58,78
2024-11-18,15:06:58,68
2024-11-18,15:09:58,74
2024-11-18,15:10:58,88
2024-11-18,15:11:58,79
2024-11-18,15:13:58,85
2024-11-18,15:14:58,76
2024-11-18,15:15:58,83
2024-11-18,14:56:58,65
2024-11-18,14:55:59,73
2024-11-18,14:54:58,74
2024-11-18,14:53:58,75
2024-11-18,15:16:58,100
2024-11-18,14:50:58,65
2024-11-18,14:51:59,66
2024-11-18,14:52:58,74
2024-11-18,15:17:58,107
2024-11-18,15:18:59,113
2024-11-18,15:19:59,114
2024-11-18,15:44:58,113
2024-11-18,15:45:59,115
2024-11-18,15:48:11,119
2024-11-18,22:10:01,366
2024-11-18,22:11:00,366
2024-11-18,22:12:00,358
2024-11-18,22:13:00,323
2024-11-18,15:43:59,110
2024-11-18,22:14:00,272
2024-11-18,22:16:00,184
2024-11-18,22:17:01,153
2024-11-18,22:18:00,127
2024-11-18,22:19:00,105
2024-11-18,22:20:00,85
2024-11-18,22:21:00,66
2024-11-18,22:15:00,224
2024-11-18,15:42:59,105
2024-11-18,15:40:58,104
2024-11-18,15:20:59,117
2024-11-18,15:21:59,112
2024-11-18,15:23:58,103
2024-11-18,15:24:59,101
2024-11-18,15:25:58,101
2024-11-18,15:26:59,101
2024-11-18,15:27:59,101
2024-11-18,15:41:58,105
2024-11-18,15:28:59,101
2024-11-18,15:32:59,99
2024-11-18,15:33:58,100
2024-11-18,15:34:58,101
2024-11-18,15:36:59,101
2024-11-18,15:37:59,102
2024-11-18,15:38:59,103
2024-11-18,15:39:58,103
2024-11-18,15:31:59,100
2024-11-19,22:17:00,272
2024-11-19,22:18:00,272
2024-11-19,22:19:00,271
2024-11-19,22:21:00,269
2024-11-19,22:22:00,267
2024-11-19,22:23:46,263
2024-11-19,22:24:47,255
2024-11-19,22:25:47,218
2024-11-19,22:29:46,63
2024-11-19,22:27:46,125
2024-11-20,23:25:00,60
2024-11-20,22:32:10,298
2024-11-20,22:33:09,298
2024-11-20,22:34:09,284
2024-11-20,22:36:09,189
2024-11-20,22:37:09,146
2024-11-20,22:39:09,85
2024-11-20,22:40:09,61
2024-11-20,23:21:01,165
2024-11-20,23:23:00,148
2024-11-20,23:24:00,105
2024-11-21,14:50:36,66
2024-11-21,14:51:36,76
2024-11-21,14:52:36,80
2024-11-21,14:53:36,83
2024-11-21,14:54:35,85
2024-11-21,14:55:35,87
2024-11-21,14:56:36,91
2024-11-21,14:57:36,94
2024-11-21,14:58:36,98
2024-11-21,14:59:35,101
2024-11-21,15:00:36,103
2024-11-21,15:01:35,104
2024-11-21,15:02:35,106
2024-11-21,15:03:35,108
2024-11-21,15:04:35,110
2024-11-21,15:05:36,111
2024-11-21,15:06:35,113
2024-11-21,15:07:35,116
2024-11-21,15:08:35,119
2024-11-21,15:09:35,120
2024-11-21,15:11:35,124
2024-11-21,15:13:35,127
2024-11-21,14:49:36,52
2024-11-21,10:34:21,56
2024-11-21,10:35:21,76
2024-11-21,10:38:21,83
2024-11-21,10:39:21,78
2024-11-21,10:41:21,81
2024-11-21,10:42:21,90
2024-11-21,10:43:22,92
2024-11-21,10:44:22,94
2024-11-21,10:46:22,102
2024-11-21,10:47:22,113
2024-11-21,10:48:22,116
2024-11-21,10:49:22,117
2024-11-21,10:50:22,124
2024-11-21,10:52:22,124
2024-11-21,10:53:22,126
2024-11-21,10:55:22,74
2024-11-21,10:45:22,104
2024-11-21,15:14:35,129
2024-11-21,12:59:40,112
2024-11-21,13:00:40,109
2024-11-21,13:01:39,76
2024-11-21,15:15:36,130
2024-11-21,15:17:36,114
2024-11-21,22:10:01,319
2024-11-21,22:11:00,320
2024-11-21,22:12:00,311
2024-11-21,22:13:00,273
2024-11-21,22:14:00,221
2024-11-21,22:15:01,175
2024-11-21,22:16:01,139
2024-11-21,22:17:01,109
2024-11-21,22:19:01,63
2024-11-21,15:49:36,123
2024-11-21,15:50:36,123
2024-11-21,15:51:36,123
2024-11-21,15:52:36,125
2024-11-21,15:53:36,125
2024-11-21,15:54:36,126
2024-11-21,15:57:35,127
2024-11-21,15:58:36,127
2024-11-21,15:59:35,129
2024-11-21,16:00:35,130
2024-11-21,16:01:36,130
2024-11-21,16:02:35,131
2024-11-21,16:04:35,133
2024-11-21,16:05:35,135
2024-11-21,16:06:35,135
2024-11-21,16:07:35,137
2024-11-21,16:08:36,136
2024-11-21,16:09:36,137
2024-11-21,16:10:36,138
2024-11-21,16:11:36,139
2024-11-21,16:13:36,141
2024-11-21,16:15:36,143
2024-11-21,16:16:36,144
2024-11-21,15:48:35,123
2024-11-21,16:17:36,144
2024-11-21,15:47:35,122
2024-11-21,15:45:36,121
2024-11-21,15:18:36,111
2024-11-21,15:19:36,108
2024-11-21,15:20:36,108
2024-11-21,15:21:36,107
2024-11-21,15:22:36,108
2024-11-21,15:23:36,109
2024-11-21,15:24:36,110
2024-11-21,15:26:36,112
2024-11-21,15:27:36,113
2024-11-21,15:29:36,114
2024-11-21,15:30:36,116
2024-11-21,15:32:36,117
2024-11-21,15:33:36,117
2024-11-21,15:34:35,118
2024-11-21,15:35:36,119
2024-11-21,15:36:36,120
2024-11-21,15:37:36,120
2024-11-21,15:38:36,120
2024-11-21,15:39:36,119
2024-11-21,15:41:36,118
2024-11-21,15:42:36,119
2024-11-21,15:43:36,119
2024-11-21,15:44:36,120
2024-11-21,15:46:36,121
2024-11-21,15:16:36,120
2024-11-21,16:18:36,144
2024-11-21,16:20:36,147
2024-11-21,16:51:35,172
2024-11-21,16:52:35,173
2024-11-21,16:53:36,173
2024-11-21,16:54:35,174
2024-11-21,16:55:35,175
2024-11-21,16:57:35,176
2024-11-21,16:58:35,177
2024-11-21,16:59:36,178
2024-11-21,17:00:35,177
2024-11-21,17:02:36,177
2024-11-21,17:03:36,177
2024-11-21,17:04:36,178
2024-11-21,17:05:36,179
2024-11-21,17:06:36,180
2024-11-21,17:07:36,181
2024-11-21,17:08:36,182
2024-11-21,17:09:36,184
2024-11-21,17:10:36,185
2024-11-21,17:12:36,175
2024-11-21,17:13:36,133
2024-11-21,17:14:36,84
2024-11-21,16:50:35,171
2024-11-21,16:19:36,146
2024-11-21,16:49:35,170
2024-11-21,16:47:36,169
2024-11-21,16:21:36,148
2024-11-21,16:22:36,149
2024-11-21,16:23:36,150
2024-11-21,16:24:36,150
2024-11-21,16:25:36,150
2024-11-21,16:26:36,150
2024-11-21,16:28:36,150
2024-11-21,16:29:36,150
2024-11-21,16:30:36,151
2024-11-21,16:31:36,153
2024-11-21,16:32:36,155
2024-11-21,16:33:36,156
2024-11-21,16:35:36,158
2024-11-21,16:36:36,159
2024-11-21,16:37:35,160
2024-11-21,16:38:36,161
2024-11-21,16:39:36,162
2024-11-21,16:40:35,163
2024-11-21,16:41:35,164
2024-11-21,16:43:36,165
2024-11-21,16:44:36,166
2024-11-21,16:45:35,167
2024-11-21,16:46:36,168
2024-11-21,16:48:35,169
2024-11-21,08:47:58,124
2024-11-21,08:48:57,117
2024-11-21,08:49:57,84
2024-11-22,02:40:37,51
2024-11-22,02:41:37,64
2024-11-24,22:26:00,149
2024-11-24,22:25:00,163
2024-11-24,22:24:00,178
2024-11-24,22:23:00,192
2024-11-24,22:22:00,208
2024-11-24,22:21:00,224
2024-11-24,22:20:00,240
2024-11-24,22:19:00,257
2024-11-24,22:18:00,275
2024-11-24,22:17:00,293
2024-11-24,22:27:00,136
2024-11-24,22:15:00,332
2024-11-24,22:13:00,388
2024-11-24,22:12:01,427
2024-11-24,22:11:00,475
2024-11-24,22:10:01,530
2024-11-24,22:09:00,590
2024-11-24,22:08:01,637
2024-11-24,22:07:00,659
2024-11-24,22:06:00,662
2024-11-24,22:05:01,663
2024-11-24,22:14:00,357
2024-11-24,22:28:00,124
2024-11-24,22:16:00,312
2024-11-24,22:31:00,90
2024-11-24,22:29:00,112
2024-11-24,22:32:00,78
2024-11-24,22:34:00,58
2024-11-24,22:33:00,68
2024-11-25,22:16:00,289
2024-11-25,22:17:00,285
2024-11-25,22:18:00,251
2024-11-25,22:19:00,205
2024-11-25,22:20:00,165
2024-11-25,22:21:00,134
2024-11-25,22:22:00,109
2024-11-25,22:23:00,87
2024-11-25,22:24:00,69
2024-11-25,22:25:00,51
2024-11-25,00:44:01,54
2024-11-25,00:46:01,54
2024-11-25,00:47:01,53
2024-11-25,00:49:01,51
2024-11-26,22:26:00,55
2024-11-26,17:45:13,73
2024-11-26,22:15:01,329
2024-11-26,22:19:00,240
2024-11-26,22:20:00,195
2024-11-26,22:21:00,160
2024-11-26,22:22:00,133
2024-11-26,22:24:00,90
2024-11-26,22:25:00,72
2024-11-26,16:17:54,173
2024-11-26,16:18:53,171
2024-11-26,16:19:53,155
2024-11-26,16:20:53,139
2024-11-26,16:21:53,103
2024-11-27,22:26:00,53
2024-11-27,22:25:01,70
2024-11-27,22:23:00,110
2024-11-27,22:24:00,89
2024-11-27,22:15:01,300
2024-11-27,22:16:01,304
2024-11-27,22:17:00,305
2024-11-27,22:18:01,294
2024-11-27,22:19:01,256
2024-11-27,22:20:01,208
2024-11-27,22:21:00,167
2024-11-27,01:24:20,62
2024-11-27,01:25:19,60
2024-11-28,22:20:00,238
2024-11-28,22:21:00,229
2024-11-28,22:22:00,222
2024-11-28,22:23:00,215
2024-11-28,22:24:00,209
2024-11-28,22:26:00,200
2024-11-28,22:27:00,195
2024-11-28,22:28:00,190
2024-11-28,22:29:00,186
2024-11-28,22:30:00,182
2024-11-28,22:32:00,174
2024-11-28,22:33:00,170
2024-11-28,22:34:00,167
2024-11-28,22:35:00,163
2024-11-28,22:36:00,160
2024-11-28,22:36:59,156
2024-11-28,22:37:59,153
2024-11-28,22:39:35,149
2024-11-28,22:40:35,125
2024-11-28,22:41:35,88
2024-11-28,22:42:35,57
2024-11-28,22:18:00,261
2024-11-28,22:17:00,271
2024-11-28,22:16:00,275
2024-11-28,22:15:01,273
2024-11-29,09:56:25,51
2024-11-29,09:47:25,51
2024-11-29,09:52:26,53
2024-11-29,09:54:26,52
2024-11-29,09:55:25,54
2024-11-29,09:57:25,53
2024-11-29,09:58:26,51
2024-11-29,17:20:26,71
2024-11-29,17:21:26,73
2024-11-29,17:22:26,74
2024-11-29,17:23:26,75
2024-11-29,17:24:26,76
2024-11-29,17:25:26,77
2024-11-29,17:26:26,77
2024-11-29,17:27:26,78
2024-11-29,17:28:25,80
2024-11-29,17:29:26,81
2024-11-29,17:30:26,83
2024-11-29,17:17:26,65
2024-11-29,17:32:25,85
2024-11-29,17:34:25,85
2024-11-29,17:35:26,85
2024-11-29,17:36:26,85
2024-11-29,17:37:26,86
2024-11-29,17:38:26,87
2024-11-29,17:39:26,87
2024-11-29,17:40:25,88
2024-11-29,17:41:25,88
2024-11-29,17:42:26,89
2024-11-29,17:43:25,89
2024-11-29,17:33:25,84
2024-11-29,17:16:26,64
2024-11-29,17:15:26,62
2024-11-29,17:14:26,59
2024-11-29,17:10:26,52
2024-11-29,17:11:26,54
2024-11-29,17:12:26,56
2024-11-29,17:13:26,57
2024-12-01,23:10:20,64
2024-12-01,23:09:20,77
2024-12-01,23:07:20,109
2024-12-01,23:05:20,156
2024-12-01,23:03:20,219
2024-12-01,22:21:00,264
2024-12-01,22:20:00,279
2024-12-01,22:19:00,294
2024-12-01,22:18:00,309
2024-12-01,22:16:00,342
2024-12-01,22:15:00,358
2024-12-01,22:14:00,375
2024-12-01,22:13:00,392
2024-12-01,22:12:00,410
2024-12-01,22:11:00,429
2024-12-01,22:10:00,452
2024-12-01,22:07:00,538
2024-12-01,22:06:00,575
2024-12-01,22:05:00,611
2024-12-01,22:04:00,641
2024-12-01,22:03:00,656
2024-12-01,22:02:00,659
2024-12-01,22:01:00,660
2024-12-01,23:04:20,187
2024-12-01,22:22:00,251
2024-12-01,22:23:00,238
2024-12-01,22:09:00,477
2024-12-01,22:25:00,214
2024-12-01,23:02:20,235
2024-12-01,22:24:00,226
2024-12-01,23:01:20,235
2024-12-01,22:40:00,58
2024-12-01,22:39:00,67
2024-12-01,22:37:00,86
2024-12-01,22:36:00,99
2024-12-01,22:35:00,109
2024-12-01,22:34:00,118
2024-12-01,22:32:00,139
2024-12-01,22:30:00,159
2024-12-01,22:28:00,180
2024-12-01,22:38:00,75
2024-12-01,22:26:00,202
2024-12-01,22:27:00,191
2024-12-02,17:17:20,52
2024-12-02,17:18:20,65
2024-12-02,17:19:20,67
2024-12-02,17:21:20,73
2024-12-02,17:23:20,79
2024-12-02,17:24:20,84
2024-12-02,17:25:20,85
2024-12-02,17:26:20,89
2024-12-02,17:28:20,92
2024-12-02,22:37:27,264
2024-12-02,22:38:27,248
2024-12-02,22:39:27,211
2024-12-02,22:40:27,172
2024-12-02,22:41:27,138
2024-12-02,22:42:27,111
2024-12-02,22:43:27,89
2024-12-02,22:44:27,69
2024-12-02,22:45:27,52
2024-12-02,17:27:20,91
2024-12-02,23:34:27,61
2024-12-02,23:35:27,62
2024-12-02,23:36:27,65
2024-12-02,23:37:27,65
2024-12-02,23:38:26,65
2024-12-02,23:39:27,65
2024-12-02,23:40:27,65
2024-12-02,23:42:27,67
2024-12-02,23:43:27,67
2024-12-02,23:44:27,67
2024-12-02,23:45:27,66
2024-12-02,23:46:27,65
2024-12-02,23:33:27,62
2024-12-02,23:47:27,67
2024-12-02,23:49:26,69
2024-12-02,23:50:27,69
2024-12-02,23:51:26,69
2024-12-02,23:52:26,70
2024-12-02,23:53:26,71
2024-12-02,23:54:26,72
2024-12-02,23:55:27,72
2024-12-02,23:56:26,72
2024-12-02,23:57:26,71
2024-12-02,23:58:26,71
2024-12-02,23:59:27,75
2024-12-02,23:48:27,69
2024-12-02,23:31:27,62
2024-12-02,23:29:27,58
2024-12-02,23:30:27,59
2024-12-02,23:17:27,52
2024-12-02,23:18:27,53
2024-12-02,23:19:27,53
2024-12-02,23:20:27,54
2024-12-02,23:21:27,56
2024-12-02,23:23:27,57
2024-12-02,23:25:27,57
2024-12-02,23:26:27,58
2024-12-02,23:27:27,60
2024-12-02,23:28:27,59
2024-12-02,15:35:20,60
2024-12-02,15:36:20,53
2024-12-02,02:54:20,52
2024-12-02,02:21:20,91
2024-12-02,02:23:20,90
2024-12-02,02:24:20,89
2024-12-02,02:25:20,84
2024-12-02,02:26:20,89
2024-12-02,02:27:20,78
2024-12-02,02:28:20,85
2024-12-02,02:30:20,81
2024-12-02,02:31:20,80
2024-12-02,02:32:20,77
2024-12-02,02:33:20,82
2024-12-02,02:35:20,81
2024-12-02,02:36:20,71
2024-12-02,02:39:20,73
2024-12-02,02:41:20,74
2024-12-02,02:42:20,79
2024-12-02,02:43:20,73
2024-12-02,02:44:20,80
2024-12-02,02:45:20,76
2024-12-02,02:46:20,79
2024-12-02,02:47:20,77
2024-12-02,02:48:20,75
2024-12-02,02:51:20,78
2024-12-02,02:52:20,67
2024-12-02,02:53:20,59
2024-12-02,02:37:20,76
2024-12-02,02:20:20,86
2024-12-02,02:19:20,94
2024-12-02,02:16:20,94
2024-12-02,02:17:20,97
2024-12-02,01:46:20,67
2024-12-02,01:47:20,75
2024-12-02,01:48:20,69
2024-12-02,01:49:20,73
2024-12-02,01:50:20,76
2024-12-02,01:51:20,76
2024-12-02,01:52:20,84
2024-12-02,01:54:20,82
2024-12-02,01:56:20,70
2024-12-02,01:57:20,71
2024-12-02,01:58:20,69
2024-12-02,01:59:20,66
2024-12-02,01:45:20,71
2024-12-02,02:00:20,59
2024-12-02,02:02:20,52
2024-12-02,02:03:20,60
2024-12-02,02:04:20,68
2024-12-02,02:05:20,67
2024-12-02,02:06:20,68
2024-12-02,02:07:20,71
2024-12-02,02:09:20,73
2024-12-02,02:10:20,74
2024-12-02,02:12:20,83
2024-12-02,02:13:20,88
2024-12-02,02:14:20,92
2024-12-02,02:15:20,94
2024-12-02,02:01:20,52
2024-12-02,01:44:20,67
2024-12-02,01:41:20,66
2024-12-02,01:11:20,52
2024-12-02,01:12:20,53
2024-12-02,01:13:20,53
2024-12-02,01:16:20,59
2024-12-02,01:18:20,58
2024-12-02,01:19:20,58
2024-12-02,01:20:20,58
2024-12-02,01:21:20,54
2024-12-02,01:22:20,55
2024-12-02,01:23:20,54
2024-12-02,01:42:20,69
2024-12-02,01:26:20,51
2024-12-02,01:27:20,55
2024-12-02,01:28:20,55
2024-12-02,01:29:20,55
2024-12-02,01:30:20,57
2024-12-02,01:31:20,51
2024-12-02,01:32:20,53
2024-12-02,01:33:20,52
2024-12-02,01:34:20,53
2024-12-02,01:36:20,62
2024-12-02,01:38:20,68
2024-12-02,01:39:20,61
2024-12-02,01:25:20,53
2024-12-02,02:18:20,91
2024-12-02,09:14:20,51
2024-12-02,09:16:20,60
2024-12-02,09:17:20,52
2024-12-02,09:15:20,56
2024-12-03,22:18:00,53
2024-12-03,22:37:01,51
2024-12-03,22:38:01,52
2024-12-03,22:39:01,55
2024-12-03,22:40:01,57
2024-12-03,22:41:01,60
2024-12-03,22:42:00,63
2024-12-03,22:44:01,64
2024-12-03,22:45:01,65
2024-12-03,22:47:00,68
2024-12-03,22:17:00,75
2024-12-03,22:16:00,100
2024-12-03,22:15:01,131
2024-12-03,22:11:01,258
2024-12-03,22:13:00,210
2024-12-03,22:14:00,168
2024-12-03,22:48:01,62
2024-12-03,00:42:27,93
2024-12-03,00:43:26,92
2024-12-03,00:44:27,92
2024-12-03,00:45:26,91
2024-12-03,00:46:26,92
2024-12-03,00:47:26,93
2024-12-03,00:48:26,93
2024-12-03,00:49:27,93
2024-12-03,00:50:26,94
2024-12-03,00:51:26,93
2024-12-03,00:52:26,94
2024-12-03,00:53:27,94
2024-12-03,00:40:27,91
2024-12-03,00:54:26,94
2024-12-03,00:58:26,95
2024-12-03,00:59:27,95
2024-12-03,01:00:27,95
2024-12-03,01:01:27,96
2024-12-03,01:02:27,97
2024-12-03,01:03:27,98
2024-12-03,01:04:27,99
2024-12-03,01:05:27,99
2024-12-03,01:06:27,99
2024-12-03,01:07:27,99
2024-12-03,01:08:27,100
2024-12-03,01:10:27,100
2024-12-03,00:57:26,95
2024-12-03,00:39:27,90
2024-12-03,00:38:27,90
2024-12-03,00:37:27,91
2024-12-03,00:00:26,78
2024-12-03,00:02:26,78
2024-12-03,00:03:26,76
2024-12-03,00:04:26,76
2024-12-03,00:05:26,77
2024-12-03,00:06:26,77
2024-12-03,00:07:27,79
2024-12-03,00:09:27,80
2024-12-03,00:10:27,79
2024-12-03,00:11:27,79
2024-12-03,00:12:27,79
2024-12-03,00:13:27,82
2024-12-03,00:14:27,83
2024-12-03,00:16:27,83
2024-12-03,00:17:27,83
2024-12-03,00:18:27,82
2024-12-03,00:21:27,85
2024-12-03,00:23:27,85
2024-12-03,00:24:27,84
2024-12-03,00:26:27,85
2024-12-03,00:27:27,86
2024-12-03,00:28:27,87
2024-12-03,00:30:27,87
2024-12-03,00:32:27,88
2024-12-03,00:33:27,89
2024-12-03,00:35:26,90
2024-12-03,00:36:27,91
2024-12-03,01:11:27,101
2024-12-03,01:12:27,101
2024-12-03,01:14:27,102
2024-12-03,01:15:27,102
2024-12-03,01:16:27,102
2024-12-03,01:17:27,102
2024-12-03,01:18:27,105
2024-12-03,01:19:27,105
2024-12-03,01:20:27,106
2024-12-03,01:21:27,106
2024-12-03,01:23:26,90
2024-12-03,01:24:27,73
2024-12-03,01:25:27,58
2024-12-03,01:13:27,102
2024-12-03,00:34:26,90
2024-12-04,17:15:16,52
2024-12-04,22:20:00,268
2024-12-04,22:40:42,301
2024-12-04,22:49:02,293
2024-12-04,22:50:01,282
2024-12-04,22:51:01,255
2024-12-04,22:52:01,221
2024-12-04,22:53:01,189
2024-12-04,22:54:01,162
2024-12-04,22:55:02,137
2024-12-04,22:56:01,116
2024-12-04,22:57:01,95
2024-12-04,22:58:01,76
2024-12-04,22:59:01,57
2024-12-04,23:21:01,52
2024-12-04,14:20:16,61
2024-12-04,14:21:16,56
2024-12-04,14:25:16,61
2024-12-04,14:27:16,58
2024-12-04,14:28:16,58
2024-12-04,14:29:16,57
2024-12-04,14:30:16,53
2024-12-04,14:31:16,60
2024-12-04,14:35:16,53
2024-12-04,14:36:16,56
2024-12-04,14:38:16,56
2024-12-04,14:39:16,65
2024-12-04,14:26:16,68
2024-12-04,08:11:16,83
2024-12-04,08:12:16,68
2024-12-04,06:37:00,51
2024-12-04,06:40:00,53
2024-12-04,06:42:00,54
2024-12-05,22:12:00,241
2024-12-05,22:13:00,211
2024-12-05,22:15:00,133
2024-12-05,22:16:00,102
2024-12-05,22:18:00,55
2024-12-05,22:11:00,248
2024-12-05,22:10:01,248
2024-12-05,15:48:01,55
2024-12-09,22:26:29,275
2024-12-09,22:27:29,274
2024-12-09,22:29:29,215
2024-12-09,22:31:29,131
2024-12-09,22:32:29,100
2024-12-09,22:33:29,75
2024-12-09,22:34:28,53
2024-12-09,03:11:47,57
2024-12-09,03:12:47,60
2024-12-09,03:13:47,55
2024-12-09,03:14:47,58
2024-12-09,03:15:47,52
2024-12-09,03:10:47,58
2024-12-09,03:09:47,51
2024-12-10,22:26:01,256
2024-12-10,22:51:07,300
2024-12-10,22:52:07,291
2024-12-10,22:53:07,257
2024-12-10,22:54:07,212
2024-12-10,22:55:07,173
2024-12-10,22:56:07,142
2024-12-10,22:58:08,95
2024-12-10,22:59:08,77
2024-12-10,23:00:08,60
2024-12-11,22:11:00,242
2024-12-11,22:12:00,234
2024-12-11,22:13:00,201
2024-12-11,22:14:00,156
2024-12-11,22:17:00,57
2024-12-12,22:15:01,242
2024-12-12,22:16:00,245
2024-12-12,22:17:00,243
2024-12-12,22:19:00,175
2024-12-12,22:20:00,140
2024-12-12,22:21:00,110
2024-12-12,22:22:00,86
2024-12-12,22:23:00,65
2024-12-13,04:24:00,52
2024-12-16,22:12:00,249
2024-12-16,22:15:00,134
2024-12-16,22:16:00,104
2024-12-16,22:17:00,79
2024-12-16,22:11:00,252
2024-12-16,22:10:01,249
2024-12-16,09:29:09,56
2024-12-16,09:28:09,60
2024-12-17,22:27:03,101
2024-12-17,22:28:03,81
2024-12-17,22:29:03,63
2024-12-17,22:26:03,126
2024-12-17,22:25:03,157
2024-12-17,22:23:03,237
2024-12-17,22:24:03,195
2024-12-17,22:20:03,270
2024-12-17,22:21:03,272
2024-12-17,22:22:03,269
2024-12-17,08:15:28,86
2024-12-17,08:16:27,91
2024-12-18,22:37:16,280
2024-12-18,22:39:17,272
2024-12-18,22:40:17,234
2024-12-18,22:41:17,191
2024-12-18,22:44:17,103
2024-12-18,22:45:17,82
2024-12-18,22:42:17,155
2024-12-18,04:27:27,51
2024-12-18,04:30:35,58
2024-12-18,07:45:16,113
2024-12-18,07:46:16,92
2024-12-18,07:47:16,51
2024-12-18,07:43:16,117
2024-12-19,22:48:43,319
2024-12-19,22:49:42,317
2024-12-19,22:50:42,296
2024-12-19,22:51:42,255
2024-12-19,22:53:42,176
2024-12-19,22:54:42,146
2024-12-19,22:55:42,121
2024-12-19,22:56:42,101
2024-12-19,22:57:42,82
2024-12-19,22:58:42,64
2024-12-19,03:46:48,147
2024-12-19,03:47:48,139
2024-12-19,03:48:48,105
2024-12-19,03:49:48,64
2024-12-19,03:45:48,147
2024-12-19,03:08:24,59
2024-12-19,10:03:37,58
2024-12-19,10:04:37,64
2024-12-19,10:06:38,72
2024-12-19,10:38:37,57
2024-12-19,10:39:37,56
2024-12-19,10:40:37,53
2024-12-19,10:37:37,58
2024-12-19,10:36:37,57
2024-12-19,10:34:37,54
2024-12-19,10:33:37,53
2024-12-19,10:07:37,73
2024-12-19,10:08:37,75
2024-12-19,10:09:37,70
2024-12-19,10:05:38,68
2024-12-19,10:32:37,51
2024-12-19,06:11:24,72
2024-12-19,07:30:37,158
2024-12-19,07:31:38,139
2024-12-19,07:32:37,101
2024-12-19,07:29:38,155
2024-12-20,14:35:42,55
2024-12-20,14:36:42,54
2024-12-20,14:37:42,56
2024-12-20,14:38:42,54
2024-12-20,14:39:42,51
2024-12-20,03:57:42,54
2024-12-20,04:02:42,53
2024-12-20,04:04:42,55
2024-12-20,04:05:42,52
2024-12-23,10:04:29,51
2024-12-23,10:05:29,53
2024-12-23,23:50:26,62
2024-12-23,22:49:27,412
2024-12-23,22:50:26,400
2024-12-23,22:51:26,384
2024-12-23,22:52:26,348
2024-12-23,23:31:26,54
2024-12-23,23:32:26,54
2024-12-23,23:33:26,62
2024-12-23,23:34:26,62
2024-12-23,23:35:26,67
2024-12-23,23:36:26,70
2024-12-23,23:37:26,72
2024-12-23,23:39:26,68
2024-12-23,23:40:26,73
2024-12-23,23:41:26,72
2024-12-23,23:42:26,73
2024-12-23,23:44:26,53
2024-12-23,23:45:26,57
2024-12-23,23:46:26,61
2024-12-23,23:48:26,61
2024-12-23,23:49:26,57
2024-12-23,23:51:26,65
2024-12-23,23:52:26,68
2024-12-23,23:53:26,69
2024-12-23,23:56:26,72
2024-12-23,23:57:27,71
2024-12-23,23:58:27,78
2024-12-23,23:59:26,71
2024-12-23,22:53:26,304
2024-12-23,22:54:26,263
2024-12-23,22:55:26,229
2024-12-23,22:56:26,202
2024-12-23,22:57:26,179
2024-12-23,22:58:26,159
2024-12-23,23:00:26,125
2024-12-23,23:01:26,111
2024-12-23,23:02:27,98
2024-12-23,23:03:26,86
2024-12-23,23:04:26,74
2024-12-23,23:05:26,63
2024-12-23,23:06:26,53
2024-12-23,03:10:29,52
2024-12-23,03:20:28,58
2024-12-23,03:55:29,56
2024-12-23,04:19:28,52
2024-12-23,04:21:28,53
2024-12-23,03:54:29,69
2024-12-23,03:52:29,72
2024-12-23,03:50:29,65
2024-12-23,03:38:29,51
2024-12-23,03:40:29,51
2024-12-23,03:43:29,52
2024-12-23,03:44:29,52
2024-12-23,03:45:29,59
2024-12-23,03:46:29,51
2024-12-23,03:47:29,58
2024-12-23,03:48:29,60
2024-12-23,03:49:29,59
2024-12-23,03:51:29,64
2024-12-24,22:18:00,76
2024-12-24,22:15:00,159
2024-12-24,22:16:00,126
2024-12-24,22:10:01,290
2024-12-24,22:12:00,279
2024-12-24,22:14:00,200
2024-12-24,23:57:00,51
2024-12-24,00:00:26,78
2024-12-24,00:01:26,68
2024-12-24,00:02:26,71
2024-12-24,00:03:26,78
2024-12-24,00:04:26,77
2024-12-24,00:05:26,86
2024-12-24,00:06:26,75
2024-12-24,00:08:26,79
2024-12-24,00:09:26,78
2024-12-24,00:10:26,82
2024-12-24,00:11:26,66
2024-12-24,00:13:26,58
2024-12-24,00:14:26,52
2024-12-26,17:00:51,97
2024-12-26,22:34:04,339
2024-12-26,22:35:04,340
2024-12-26,22:36:04,337
2024-12-26,22:37:04,306
2024-12-26,22:38:04,262
2024-12-26,22:40:04,190
2024-12-26,22:41:04,163
2024-12-26,22:42:04,140
2024-12-26,22:43:04,121
2024-12-26,22:44:04,103
2024-12-26,22:45:04,88
2024-12-26,22:47:04,58
2024-12-26,22:39:04,222
2024-12-27,00:37:04,56
2024-12-27,00:40:04,52
2024-12-27,00:41:04,54
2024-12-27,00:42:04,59
2024-12-27,00:43:04,54
2024-12-27,00:44:04,62
2024-12-27,00:45:04,58
2024-12-27,00:46:04,64
2024-12-27,00:47:04,63
2024-12-27,00:48:04,68
2024-12-27,00:49:04,67
2024-12-27,00:51:04,72
2024-12-27,00:53:04,74
2024-12-27,00:54:04,67
2024-12-27,00:55:04,69
2024-12-27,00:56:04,65
2024-12-27,01:49:04,55
2024-12-27,01:12:04,54
2024-12-27,01:13:04,54
2024-12-27,01:14:04,54
2024-12-27,01:15:04,57
2024-12-27,01:16:04,54
2024-12-27,01:17:04,60
2024-12-27,01:19:04,63
2024-12-27,01:20:04,53
2024-12-27,01:22:04,70
2024-12-27,01:23:04,61
2024-12-30,16:41:17,390
2024-12-30,16:42:16,392
